,cement,blast_furnance_slag,fly_ash,water,superplasticizer,coarse_aggregate,fine_aggregate,compressive_strength,log_age
0,525.0,0.0,0.0,189.0,0.0,1125.0,613.0,42.42345828,1.9459101490553132
1,330.5,169.6,0.0,194.9,8.1,811.0,802.3,56.619079643999996,3.332204510175204
2,400.0,0.0,0.0,187.0,0.0,1025.0,745.0,43.69898888,3.332204510175204
3,362.6,189.0,0.0,164.9,11.6,944.7,755.8,55.89581932,1.9459101490553132
4,350.0,0.0,0.0,203.0,0.0,974.0,775.0,31.35047372,4.499809670330265
5,446.0,24.0,79.0,162.0,11.64,967.0,712.0,23.34565736,1.0986122886681098
6,276.0,116.0,90.0,180.0,9.0,870.0,768.0,44.27814872,3.332204510175204
7,362.6,189.0,0.0,164.9,11.6,944.7,755.8,35.3011712,1.0986122886681098
8,136.0,162.0,126.0,172.0,10.0,923.0,764.0,29.06830816,3.332204510175204
9,349.0,0.0,0.0,192.0,0.0,1047.0,806.0,18.12632404,1.9459101490553132
10,252.5,0.0,0.0,185.7,0.0,1111.6,784.3,11.483912255999998,1.9459101490553132
11,246.83,0.0,125.08,143.3,11.99,1086.8,800.89,60.32225524,4.02535169073515
12,302.0,0.0,0.0,203.0,0.0,974.0,817.0,26.74477404,5.19295685089021
13,387.0,20.0,94.0,157.0,13.93,938.0,845.0,47.96684532,4.02535169073515
14,151.0,0.0,184.0,167.0,12.0,991.0,772.0,15.568368079999999,3.332204510175204
15,314.0,145.3,113.2,178.9,8.0,869.1,690.2,46.234192132,3.332204510175204
16,300.0,0.0,120.0,212.0,10.0,878.0,728.0,23.83518532,3.332204510175204
17,170.3,155.5,0.0,185.7,0.0,1026.6,724.3,10.730314988,1.9459101490553132
18,234.0,156.0,0.0,189.0,5.85,981.0,760.0,39.300132,3.332204510175204
19,425.0,106.3,0.0,153.5,16.5,852.1,887.1,65.19685056,4.51085950651685
20,500.0,0.0,0.0,200.0,0.0,1125.0,613.0,36.93522932,2.6390573296152584
21,181.38,0.0,167.01,169.59,7.56,1055.6,777.8,27.77209328,3.332204510175204
22,349.0,0.0,0.0,192.0,0.0,1047.0,806.9,15.049192651999999,1.0986122886681098
23,525.0,0.0,0.0,189.0,0.0,1125.0,613.0,67.11359384,5.598421958998375
24,222.36,0.0,96.67,189.29,4.46,967.08,870.32,24.44881896,2.6390573296152584
25,424.0,22.0,132.0,168.0,8.92,822.0,750.0,72.09850532,3.332204510175204
26,295.71,0.0,95.64,171.54,8.87,955.14,859.2,22.94576128,1.0986122886681098
27,273.0,105.0,82.0,210.0,9.0,904.0,680.0,37.16965116,3.332204510175204
28,540.0,0.0,0.0,162.0,2.5,1055.0,676.0,61.887365759999994,3.332204510175204
29,349.0,0.0,0.0,192.0,0.0,1056.0,809.0,15.87173752,1.0986122886681098
30,155.0,183.0,0.0,193.0,9.0,1047.0,697.0,18.28490352,3.332204510175204
31,182.04,45.21,121.97,170.21,8.19,1059.4,780.65,7.3153403599999995,1.0986122886681098
32,250.0,0.0,0.0,182.0,0.0,1100.0,820.0,12.73462172,1.9459101490553132
33,284.0,15.0,141.0,179.0,5.46,842.0,801.0,43.733462679999995,3.332204510175204
34,349.0,0.0,0.0,192.0,0.0,1056.0,809.0,40.85834776,4.787491742782046
35,275.07,0.0,121.35,159.48,9.9,1053.6,777.5,51.331488199999995,3.332204510175204
36,218.85,0.0,124.13,158.49,11.33,1078.7,794.91,46.2293658,4.605170185988092
37,290.35,0.0,96.18,168.08,9.41,961.18,865.0,34.67374804,2.6390573296152584
38,277.19,97.82,24.46,160.7,11.19,1061.7,782.46,63.14221208,3.332204510175204
39,200.0,200.0,0.0,190.0,0.0,1145.0,660.0,49.249270679999995,3.332204510175204
40,362.6,189.0,0.0,164.9,11.6,944.7,755.8,35.3011712,1.0986122886681098
41,380.0,0.0,0.0,228.0,0.0,932.0,670.0,53.300631656,5.598421958998375
42,139.6,209.4,0.0,192.0,0.0,1047.0,806.9,44.698039603999995,5.886104031450156
43,212.07,0.0,121.62,180.31,5.69,1057.6,779.32,24.90387312,3.332204510175204
44,387.0,20.0,94.0,157.0,13.93,938.0,845.0,25.510612,1.0986122886681098
45,323.7,282.8,0.0,183.8,10.3,942.7,659.9,80.19984832,4.02535169073515
46,266.2,112.3,87.5,177.9,10.4,909.7,744.5,39.421479776,3.332204510175204
47,214.9,53.8,121.89,155.63,9.61,1014.3,780.58,18.01600788,1.0986122886681098
48,401.8,94.7,0.0,147.4,11.4,946.8,852.1,73.69808963999999,4.02535169073515
49,446.0,24.0,79.0,162.0,11.64,967.0,712.0,51.021224,3.332204510175204
50,323.7,282.8,0.0,183.8,10.3,942.7,659.9,49.80085148,1.9459101490553132
51,297.16,0.0,117.54,174.8,9.52,1022.8,753.45,56.7438748,4.605170185988092
52,305.3,203.5,0.0,203.5,0.0,965.4,631.0,43.377003588,3.332204510175204
53,332.5,142.5,0.0,228.0,0.0,932.0,594.0,39.779317819999996,5.19295685089021
54,310.0,143.0,111.0,168.0,22.0,914.0,651.0,33.68779736,3.332204510175204
55,313.3,262.2,0.0,175.5,8.6,1046.9,611.8,66.59648684,4.51085950651685
56,290.35,0.0,96.18,168.08,9.41,961.18,865.0,48.97348028,4.605170185988092
57,178.03,129.8,118.6,179.94,3.57,1007.3,746.8,48.587373719999995,4.02535169073515
58,255.0,0.0,0.0,192.0,0.0,889.8,945.0,18.746162964,3.332204510175204
59,480.0,0.0,0.0,192.0,0.0,936.0,721.0,54.27555072,4.499809670330265
60,336.0,0.0,0.0,182.0,3.0,986.0,817.0,44.86420332,3.332204510175204
61,446.0,24.0,79.0,162.0,11.61,967.0,712.0,61.06688932,4.02535169073515
62,312.9,160.5,0.0,177.6,9.6,916.6,759.5,52.446370892,3.332204510175204
63,190.34,0.0,125.18,166.61,9.88,1079.0,798.9,24.84871504,3.332204510175204
64,393.0,0.0,0.0,192.0,0.0,940.6,785.6,19.199148695999998,1.0986122886681098
65,540.0,0.0,0.0,173.0,0.0,1125.0,613.0,69.65776027999999,4.499809670330265
66,362.6,189.0,0.0,164.9,11.6,944.7,755.8,79.29663476,4.51085950651685
67,139.6,209.4,0.0,192.0,0.0,1047.0,806.9,8.06342182,1.0986122886681098
68,194.68,0.0,100.52,170.17,7.48,998.0,901.8,44.27814872,4.605170185988092
69,212.57,0.0,100.39,159.35,10.37,1003.8,903.79,44.395359639999995,4.02535169073515
70,393.0,0.0,0.0,192.0,0.0,940.6,785.6,27.742445811999996,1.9459101490553132
71,155.2,183.9,143.2,193.8,9.2,879.6,698.5,28.991086848000002,3.332204510175204
72,310.0,142.8,0.0,167.9,10.0,914.3,804.0,45.304778483999996,3.332204510175204
73,228.0,342.1,0.0,185.7,0.0,955.8,674.3,39.699338604,3.332204510175204
74,310.0,0.0,0.0,192.0,0.0,1012.0,830.0,11.85209244,1.0986122886681098
75,194.68,0.0,100.52,170.17,7.48,998.0,901.8,24.28334472,2.6390573296152584
76,296.0,0.0,107.0,221.0,11.0,819.0,778.0,31.419421319999998,3.332204510175204
77,297.16,0.0,117.54,174.8,9.52,1022.8,753.45,36.990387399999996,2.6390573296152584
78,331.0,0.0,0.0,192.0,0.0,978.0,825.0,16.26473884,1.9459101490553132
79,333.0,0.0,0.0,192.0,0.0,931.2,842.6,23.404952295999998,1.9459101490553132
80,387.0,20.0,94.0,157.0,14.32,938.0,845.0,56.33708396,4.02535169073515
81,427.5,47.5,0.0,228.0,0.0,932.0,594.0,35.076402024,1.9459101490553132
82,298.1,0.0,107.5,163.6,12.8,953.2,784.0,35.86585204399999,3.332204510175204
83,540.0,0.0,0.0,173.0,0.0,1125.0,613.0,59.76377968,2.6390573296152584
84,359.0,19.0,141.0,154.0,10.91,942.0,801.0,35.75425543054136,1.9459101490553132
85,145.7,172.6,0.0,181.9,3.4,985.8,816.8,23.744174488,3.332204510175204
86,310.0,0.0,0.0,192.0,0.0,970.0,850.0,34.6806428,4.499809670330265
87,321.3,164.2,0.0,190.5,4.6,870.0,774.0,57.21823428799999,3.332204510175204
88,190.68,0.0,125.4,162.14,7.77,1090.0,804.01,21.063491799999998,2.6390573296152584
89,359.0,19.0,141.0,154.0,10.91,942.0,801.0,68.75060685418796,4.02535169073515
90,212.07,0.0,121.62,180.31,5.69,1057.6,779.32,12.47262084,1.0986122886681098
91,491.0,26.0,123.0,201.0,3.93,822.0,699.0,37.92118,1.9459101490553132
92,310.0,143.0,0.0,168.0,10.0,914.0,804.0,45.2985732,3.332204510175204
93,246.83,0.0,125.08,143.3,11.99,1086.8,800.89,42.21661548,2.6390573296152584
94,313.3,262.2,0.0,175.5,8.6,1046.9,611.8,59.79825348,3.332204510175204
95,289.0,134.0,0.0,195.0,6.0,924.0,760.0,46.24315532,3.332204510175204
96,525.0,0.0,0.0,189.0,0.0,1125.0,613.0,55.94408264,3.332204510175204
97,200.0,133.0,0.0,192.0,0.0,965.4,806.2,17.165883972,1.9459101490553132
98,231.75,0.0,121.62,173.96,6.72,1056.4,778.45,42.69924868,4.02535169073515
99,273.0,0.0,90.0,199.0,11.0,931.0,762.0,32.23989776,3.332204510175204
100,156.0,178.0,187.0,221.0,7.0,854.0,614.0,29.41304616,3.332204510175204
101,387.0,20.0,94.0,157.0,14.32,938.0,845.0,50.23522136,3.332204510175204
102,167.35,129.9,128.62,175.46,7.79,1006.3,746.6,41.20308576,3.332204510175204
103,289.0,0.0,0.0,192.0,0.0,913.2,895.3,14.596896395999998,1.9459101490553132
104,387.0,20.0,94.0,157.0,13.93,938.0,845.0,45.89841732,1.9459101490553132
105,212.52,0.0,100.37,159.32,8.71,1007.8,903.59,31.640053639999998,3.332204510175204
106,322.5,148.6,0.0,185.8,8.5,951.0,709.5,52.426376088,3.332204510175204
107,203.5,135.7,0.0,185.7,0.0,1076.2,759.3,22.629981272,3.332204510175204
108,190.34,0.0,125.18,161.85,9.88,1088.1,802.59,38.56239268,4.02535169073515
109,142.0,167.0,130.0,174.0,11.0,883.0,785.0,44.6090972,3.332204510175204
110,190.34,0.0,125.18,161.85,9.88,1088.1,802.59,9.4458212,1.0986122886681098
111,159.0,209.0,161.0,201.0,7.0,848.0,669.0,30.881630039999997,3.332204510175204
112,212.0,0.0,124.78,159.0,7.84,1085.4,799.54,19.519065559999998,1.0986122886681098
113,134.7,0.0,165.7,180.2,10.0,961.0,804.9,13.293786756,3.332204510175204
114,491.0,26.0,123.0,201.0,3.93,822.0,699.0,57.915983999999995,3.332204510175204
115,424.0,22.0,132.0,168.0,8.92,822.0,750.0,74.3649114581204,4.02535169073515
116,307.0,0.0,0.0,193.0,0.0,968.0,812.0,34.48758952,5.19295685089021
117,145.4,0.0,178.9,201.7,7.8,824.0,868.7,10.535882756,3.332204510175204
118,525.0,0.0,0.0,189.0,0.0,1125.0,613.0,58.78472376,4.499809670330265
119,255.0,0.0,0.0,192.0,0.0,889.8,945.0,21.859147104,4.499809670330265
120,362.6,189.0,0.0,164.9,11.6,944.7,755.8,71.29871315999999,3.332204510175204
121,250.0,0.0,95.69,187.42,5.53,956.86,861.17,38.32797084,4.02535169073515
122,376.0,0.0,0.0,214.6,0.0,1003.5,762.36,43.0577762,4.605170185988092
123,331.0,0.0,0.0,192.0,0.0,978.0,825.0,31.44700036,3.332204510175204
124,252.31,0.0,98.75,146.25,14.17,987.76,889.01,50.60064364,3.332204510175204
125,157.0,214.0,152.0,200.0,9.0,819.0,704.0,33.05347944,3.332204510175204
126,236.0,157.0,0.0,192.0,0.0,972.6,749.1,32.88455782,3.332204510175204
127,178.03,129.8,118.6,179.94,3.57,1007.3,746.8,49.99390476,4.605170185988092
128,144.0,136.0,106.0,178.0,7.0,941.0,774.0,26.14492992,3.332204510175204
129,389.9,189.0,0.0,145.9,22.0,944.7,755.8,59.09498796,1.9459101490553132
130,132.0,206.5,160.9,178.9,5.5,866.9,735.6,33.306517131999996,3.332204510175204
131,229.97,0.0,118.31,195.47,4.63,1029.4,758.59,20.08443588,2.6390573296152584
132,133.0,200.0,0.0,192.0,0.0,927.4,839.2,36.588422892,4.499809670330265
133,491.0,26.0,123.0,210.0,3.93,882.0,699.0,59.590425715270676,4.02535169073515
134,380.0,95.0,0.0,228.0,0.0,932.0,594.0,32.823194456,1.9459101490553132
135,397.0,0.0,0.0,186.0,0.0,1040.0,734.0,36.93522932,3.332204510175204
136,136.0,196.0,98.0,199.0,6.0,847.0,783.0,26.96540636,3.332204510175204
137,342.0,38.0,0.0,228.0,0.0,932.0,670.0,56.141962252,5.8998973535824915
138,233.81,0.0,94.58,197.89,4.567,947.04,852.16,22.13907436,2.6390573296152584
139,152.0,178.0,139.0,168.0,18.0,944.0,695.0,36.34917472,3.332204510175204
140,275.0,0.0,0.0,183.0,0.0,1088.0,808.0,24.49708228,3.332204510175204
141,380.0,95.0,0.0,228.0,0.0,932.0,594.0,36.447769788,3.332204510175204
142,450.1,50.0,0.0,200.0,3.0,1124.4,613.2,39.37597436,3.332204510175204
143,375.0,93.8,0.0,126.6,23.4,852.1,992.6,60.19814956,4.02535169073515
144,318.8,212.5,0.0,155.7,14.3,852.1,880.4,33.398217439999996,1.9459101490553132
145,277.19,97.82,24.46,160.7,11.19,1061.7,782.46,66.82401392,4.02535169073515
146,192.0,288.0,0.0,192.0,0.0,929.8,716.1,21.48062478,1.9459101490553132
147,133.0,210.0,0.0,196.0,3.0,949.0,795.0,31.026419999999998,3.332204510175204
148,272.8,181.9,0.0,185.7,0.0,1012.4,714.3,19.765208492,1.9459101490553132
149,252.31,0.0,98.75,146.25,14.17,987.76,889.01,42.29245784,2.6390573296152584
150,213.5,0.0,174.24,159.21,11.66,1043.6,771.9,44.63667624,3.332204510175204
151,152.7,144.7,0.0,178.1,8.0,999.7,822.2,19.009542795999998,3.332204510175204
152,260.0,101.0,78.0,171.0,10.0,936.0,763.0,49.77327244,3.332204510175204
153,148.5,139.4,108.6,192.7,6.1,892.4,780.0,23.696600644,3.332204510175204
154,173.81,93.37,159.9,172.34,9.73,1007.2,746.6,15.81657944,1.0986122886681098
155,439.0,177.0,0.0,186.0,11.1,884.9,707.9,39.300132,1.0986122886681098
156,182.04,45.21,121.97,170.21,8.19,1059.4,780.65,21.504756439999998,2.6390573296152584
157,158.0,0.0,195.0,220.0,11.0,898.0,713.0,8.53571288,3.332204510175204
158,157.0,236.0,0.0,192.0,0.0,935.4,781.2,9.694722036,1.0986122886681098
159,491.0,26.0,123.0,201.0,3.93,822.0,699.0,61.85584685418796,4.02535169073515
160,213.5,0.0,174.24,159.21,11.66,1043.6,771.9,51.25564584,4.02535169073515
161,313.3,145.0,0.0,178.5,8.0,867.2,824.0,40.925226931999994,3.332204510175204
162,238.1,0.0,0.0,185.7,0.0,1118.8,789.3,17.576122192,3.332204510175204
163,145.0,0.0,179.0,202.0,8.0,824.0,869.0,10.53519328,3.332204510175204
164,166.8,250.2,0.0,203.5,0.0,975.6,692.6,33.947729812,3.332204510175204
165,381.4,0.0,0.0,185.7,0.0,1104.6,784.3,22.489328168,3.332204510175204
166,264.5,111.0,86.5,195.5,5.9,832.6,790.4,41.542307951999994,3.332204510175204
167,190.34,0.0,125.18,161.85,9.88,1088.1,802.59,40.38950408,4.605170185988092
168,229.68,0.0,118.16,195.23,6.13,1028.1,757.63,22.31833812,2.6390573296152584
169,375.0,93.8,0.0,126.6,23.4,852.1,992.6,45.69846928,1.9459101490553132
170,225.0,0.0,0.0,181.0,0.0,1113.0,833.0,17.3403214,3.332204510175204
171,275.0,180.0,120.0,162.0,10.35,830.0,765.0,76.23536132,3.332204510175204
172,374.0,189.2,0.0,170.1,10.1,926.1,756.7,64.90037588,4.51085950651685
173,213.72,98.05,24.51,181.71,6.86,1065.8,785.38,17.9953236,1.0986122886681098
174,251.37,0.0,118.27,192.94,5.75,1043.6,754.3,39.2656582,4.02535169073515
175,182.04,45.21,121.97,170.21,8.19,1059.4,780.65,43.49904084,4.02535169073515
176,181.9,272.8,0.0,185.7,0.0,1012.4,714.3,12.37264682,1.9459101490553132
177,295.0,0.0,0.0,185.0,0.0,1069.0,769.0,14.796154959999999,1.9459101490553132
178,362.6,189.0,0.0,164.9,11.6,944.7,755.8,71.29871315999999,3.332204510175204
179,362.6,189.0,0.0,164.9,11.6,944.7,755.8,77.29715436,4.02535169073515
180,168.88,42.22,124.25,158.33,10.83,1080.8,796.15,7.3980774799999995,1.0986122886681098
181,316.1,210.7,0.0,185.7,0.0,977.0,689.3,24.437787344,1.9459101490553132
182,213.5,0.0,174.24,154.61,11.66,1052.3,775.48,17.36790044,1.0986122886681098
183,277.05,0.0,97.39,160.6,11.83,973.9,875.61,23.13881456,1.0986122886681098
184,102.0,153.0,0.0,192.0,0.0,887.0,942.0,7.675936308,1.9459101490553132
185,153.6,144.2,112.3,220.1,10.1,923.2,657.9,16.503987012,3.332204510175204
186,266.0,114.0,0.0,228.0,0.0,932.0,670.0,52.908319811999995,5.8998973535824915
187,288.0,192.0,0.0,192.0,0.0,932.0,717.8,16.10960674,1.0986122886681098
188,362.6,189.0,0.0,164.9,11.6,944.7,755.8,77.29715436,4.02535169073515
189,362.6,189.0,0.0,164.9,11.6,944.7,755.8,22.89749796,1.9459101490553132
190,425.0,106.3,0.0,151.4,18.6,936.0,803.7,36.3009114,1.0986122886681098
191,212.07,0.0,121.62,180.31,5.69,1057.6,779.32,34.20490436,4.02535169073515
192,250.0,180.0,95.0,159.0,9.45,860.0,800.0,67.86512268,3.332204510175204
193,531.3,0.0,0.0,141.8,28.2,852.1,893.7,46.89815752,1.9459101490553132
194,210.7,316.1,0.0,185.7,0.0,977.0,689.3,21.819846971999997,1.9459101490553132
195,170.3,155.5,0.0,185.7,0.0,1026.6,724.3,25.726417988,3.332204510175204
196,385.0,0.0,0.0,186.0,0.0,966.0,763.0,6.26733684,0.0
197,322.0,0.0,0.0,203.0,0.0,974.0,800.0,29.58541516,5.19295685089021
198,238.2,158.8,0.0,185.7,0.0,1040.6,734.3,15.691094808,1.9459101490553132
199,265.0,111.0,86.0,195.0,6.0,833.0,790.0,41.540929,3.332204510175204
200,385.0,0.0,0.0,186.0,0.0,966.0,763.0,27.923778,2.6390573296152584
201,193.5,290.2,0.0,185.7,0.0,998.2,704.3,17.200357771999997,1.9459101490553132
202,313.0,0.0,0.0,178.0,8.0,1000.0,822.0,25.0969264,3.332204510175204
203,427.5,47.5,0.0,228.0,0.0,932.0,594.0,41.836714203999996,5.19295685089021
204,525.0,0.0,0.0,189.0,0.0,1125.0,613.0,61.921839559999995,5.19295685089021
205,359.0,19.0,141.0,154.0,10.91,942.0,801.0,62.935369279999996,3.332204510175204
206,331.0,0.0,0.0,192.0,0.0,1025.0,821.0,17.43684804,1.9459101490553132
207,159.1,186.7,0.0,175.6,11.3,989.6,788.9,32.768036376000005,3.332204510175204
208,218.85,0.0,124.13,158.49,11.33,1078.7,794.91,15.340841,1.0986122886681098
209,133.0,200.0,0.0,192.0,0.0,927.4,839.2,27.874825204,3.332204510175204
210,238.05,0.0,94.11,186.66,7.0,949.91,847.01,39.58971192,4.02535169073515
211,322.0,0.0,0.0,203.0,0.0,974.0,800.0,25.17966352,3.332204510175204
212,375.0,93.8,0.0,126.6,23.4,852.1,992.6,62.5009994,4.51085950651685
213,540.0,0.0,0.0,173.0,0.0,1125.0,613.0,41.63745564,1.0986122886681098
214,475.0,118.8,0.0,181.1,8.9,852.1,781.5,55.59934464,1.9459101490553132
215,122.6,183.9,0.0,203.5,0.0,958.2,800.1,24.290928956,3.332204510175204
216,318.8,212.5,0.0,155.7,14.3,852.1,880.4,25.2003478,1.0986122886681098
217,136.4,161.6,125.8,171.6,10.4,922.6,764.4,29.073134491999998,3.332204510175204
218,385.0,0.0,136.0,158.0,20.0,903.0,768.0,55.55108132,3.332204510175204
219,236.0,0.0,0.0,194.0,0.0,968.0,885.0,21.946021079999998,4.499809670330265
220,153.0,102.0,0.0,192.0,0.0,888.0,943.1,26.322814728,4.499809670330265
221,165.0,0.02,143.57,163.81,0.0,1005.6,900.9,37.9556538,4.605170185988092
222,143.0,169.4,142.7,190.7,8.4,967.4,643.5,29.726068263999995,3.332204510175204
223,202.0,11.0,141.0,206.0,1.72,942.0,801.0,15.069975430541358,1.9459101490553132
224,218.85,0.0,124.13,158.49,11.33,1078.7,794.91,26.04840328,2.6390573296152584
225,528.0,0.0,0.0,185.0,6.86,920.0,720.0,56.83350668,3.332204510175204
226,150.0,236.8,0.0,173.8,11.9,1069.3,674.8,37.431652039999996,3.332204510175204
227,252.0,0.0,0.0,185.0,0.0,1111.0,784.0,19.691434559999998,3.332204510175204
228,376.0,0.0,0.0,214.6,0.0,1003.5,762.36,25.62092816,2.6390573296152584
229,304.0,76.0,0.0,228.0,0.0,932.0,670.0,49.185149411999994,4.499809670330265
230,212.52,0.0,100.37,159.32,8.71,1007.8,903.59,42.919881,4.605170185988092
231,233.81,0.0,94.58,197.89,4.567,947.04,852.16,27.66177712,4.02535169073515
232,337.9,189.0,0.0,174.9,9.5,944.7,755.8,35.101223159999996,1.9459101490553132
233,233.81,0.0,94.58,197.89,4.567,947.04,852.16,22.83544512,3.332204510175204
234,251.81,0.0,99.94,146.14,12.35,1006.0,899.76,45.3675208,4.605170185988092
235,146.5,114.6,89.3,201.9,8.8,860.0,829.5,19.98790924,3.332204510175204
236,375.0,93.8,0.0,126.6,23.4,852.1,992.6,56.69561148,3.332204510175204
237,252.31,0.0,98.75,146.25,14.17,987.76,889.01,21.78054684,1.0986122886681098
238,154.0,174.0,185.0,228.0,7.0,845.0,612.0,24.3385028,3.332204510175204
239,182.04,45.21,121.97,170.21,8.19,1059.4,780.65,31.2677366,3.332204510175204
240,397.0,0.0,0.0,185.7,0.0,1040.6,734.3,25.447869684,1.9459101490553132
241,339.0,0.0,0.0,185.0,0.0,1069.0,754.0,21.160018439999998,1.9459101490553132
242,203.5,135.7,0.0,185.7,0.0,1076.2,759.3,11.957582268,1.9459101490553132
243,475.0,118.8,0.0,181.1,8.9,852.1,781.5,37.79707432,1.0986122886681098
244,154.8,0.0,142.8,193.3,9.1,1047.4,696.7,12.459520796,3.332204510175204
245,298.0,0.0,107.0,210.0,11.0,880.0,744.0,31.874475479999997,3.332204510175204
246,236.0,157.0,0.0,192.0,0.0,972.6,749.1,47.782065751999994,4.499809670330265
247,425.0,106.3,0.0,153.5,16.5,852.1,887.1,64.30053176,4.02535169073515
248,332.5,142.5,0.0,228.0,0.0,932.0,594.0,37.721921436,4.499809670330265
249,305.3,203.5,0.0,203.5,0.0,965.4,631.0,25.893960655999997,1.9459101490553132
250,238.1,0.0,0.0,185.7,0.0,1118.8,789.3,10.335934715999999,1.9459101490553132
251,322.2,0.0,115.6,196.0,10.4,817.9,813.4,31.178794196000002,3.332204510175204
252,198.6,132.4,0.0,192.0,0.0,978.4,825.5,44.296075096,5.886104031450156
253,173.81,93.37,159.9,172.34,9.73,1007.2,746.6,29.55094136,2.6390573296152584
254,190.0,190.0,0.0,228.0,0.0,932.0,670.0,50.655112243999994,5.598421958998375
255,397.0,17.2,158.0,167.0,20.8,967.0,633.0,55.647607959999995,3.332204510175204
256,116.0,173.0,0.0,192.0,0.0,909.8,891.9,31.023662096000002,4.499809670330265
257,212.07,0.0,121.62,180.31,5.69,1057.6,779.32,39.6103962,4.605170185988092
258,309.9,142.8,111.2,167.8,22.1,913.9,651.2,38.215586251999994,3.332204510175204
259,342.0,38.0,0.0,228.0,0.0,932.0,670.0,55.064311264,5.598421958998375
260,238.05,0.0,94.11,186.66,7.0,949.91,847.01,19.93275116,1.0986122886681098
261,252.1,97.1,75.6,193.8,8.3,835.5,821.4,33.399596392,3.332204510175204
262,389.9,189.0,0.0,145.9,22.0,944.7,755.8,82.5992248,4.51085950651685
263,173.54,50.05,173.53,164.77,6.47,1006.2,793.5,53.77223324,4.02535169073515
264,296.0,0.0,0.0,192.0,0.0,1085.0,765.0,14.2032056,1.9459101490553132
265,339.2,0.0,0.0,185.7,0.0,1069.2,754.3,21.179323768,1.9459101490553132
266,140.0,133.0,103.0,200.0,7.0,916.0,753.0,36.4388066,3.332204510175204
267,540.0,0.0,0.0,162.0,2.5,1040.0,676.0,79.98611076,3.332204510175204
268,381.4,0.0,0.0,185.7,0.0,1104.6,784.3,14.54104884,1.9459101490553132
269,475.0,0.0,0.0,228.0,0.0,932.0,594.0,42.131120456,5.598421958998375
270,424.0,22.0,132.0,178.0,8.48,822.0,750.0,65.69721314581203,4.02535169073515
271,155.0,0.0,143.0,193.0,9.0,1047.0,697.0,12.45883132,3.332204510175204
272,400.0,0.0,0.0,187.0,0.0,1025.0,745.0,30.143890719999998,1.9459101490553132
273,122.6,183.9,0.0,203.5,0.0,958.2,800.1,10.354550567999999,1.9459101490553132
274,178.03,129.8,118.6,179.94,3.57,1007.3,746.8,39.1622368,3.332204510175204
275,339.0,0.0,0.0,197.0,0.0,968.0,781.0,13.22414968,1.0986122886681098
276,149.0,153.0,194.0,192.0,8.0,935.0,623.0,24.579819399999998,3.332204510175204
277,139.7,163.9,127.7,236.7,5.8,868.6,655.6,35.225328839999996,3.332204510175204
278,225.0,0.0,0.0,181.0,0.0,1113.0,833.0,11.169511199999999,1.9459101490553132
279,469.0,117.2,0.0,137.8,32.2,852.1,840.5,40.1964508,1.0986122886681098
280,318.8,212.5,0.0,155.7,14.3,852.1,880.4,66.10006412,4.02535169073515
281,362.6,189.0,0.0,164.9,11.6,944.7,755.8,71.29871315999999,3.332204510175204
282,325.0,0.0,0.0,184.0,0.0,1063.0,783.0,30.57136584,3.332204510175204
283,359.0,19.0,141.0,154.0,10.91,942.0,801.0,66.78067543054136,4.02535169073515
284,251.81,0.0,99.94,146.14,12.35,1006.0,899.76,33.94290348,3.332204510175204
285,190.0,190.0,0.0,228.0,0.0,932.0,670.0,40.856968808,3.332204510175204
286,424.0,22.0,132.0,168.0,8.92,822.0,750.0,40.28509771527068,1.9459101490553132
287,304.0,140.0,0.0,214.0,6.0,895.0,722.0,33.41890172,3.332204510175204
288,382.0,0.0,0.0,186.0,0.0,1047.0,739.0,37.42475728,3.332204510175204
289,393.0,0.0,0.0,192.0,0.0,940.6,785.6,39.604880392,3.332204510175204
290,451.0,0.0,0.0,165.0,11.25,1030.0,745.0,78.80021203999999,3.332204510175204
291,312.7,0.0,0.0,178.1,8.0,999.7,822.2,25.10382116,3.332204510175204
292,158.8,238.2,0.0,185.7,0.0,1040.6,734.3,9.617500724000001,1.9459101490553132
293,165.0,0.02,143.57,163.81,0.0,1005.6,900.9,14.39625888,1.0986122886681098
294,218.23,54.64,123.78,140.75,11.91,1075.7,792.67,35.9561734,2.6390573296152584
295,236.0,0.0,0.0,193.0,0.0,968.0,885.0,24.104080959999997,5.19295685089021
296,285.0,190.0,0.0,163.0,7.6,1031.0,685.0,53.57917996,3.332204510175204
297,289.0,0.0,0.0,192.0,0.0,913.2,895.3,11.654902304,1.0986122886681098
298,151.6,0.0,111.9,184.4,7.9,992.0,815.9,12.180972492,3.332204510175204
299,150.7,0.0,185.3,166.7,15.6,1074.5,678.0,13.461329424,3.332204510175204
300,203.5,305.3,0.0,203.5,0.0,963.4,630.0,19.539060364,1.9459101490553132
301,186.2,124.1,0.0,185.7,0.0,1083.4,764.3,17.596806471999997,3.332204510175204
302,475.0,118.8,0.0,181.1,8.9,852.1,781.5,72.29845336,4.02535169073515
303,337.9,189.0,0.0,174.9,9.5,944.7,755.8,24.0971862,1.0986122886681098
304,250.0,0.0,95.69,191.84,5.33,948.9,857.2,39.64487,4.02535169073515
305,250.0,0.0,0.0,182.0,0.0,1100.0,820.0,20.87043852,3.332204510175204
306,139.6,209.4,0.0,192.0,0.0,1047.0,806.9,14.589312159999999,1.9459101490553132
307,388.6,97.1,0.0,157.9,12.1,852.1,925.7,34.90127512,1.9459101490553132
308,254.0,0.0,0.0,198.0,0.0,968.0,863.0,26.94472208,4.499809670330265
309,313.3,262.2,0.0,175.5,8.6,1046.9,611.8,42.79577532,1.9459101490553132
310,266.0,114.0,0.0,228.0,0.0,932.0,670.0,51.732763231999996,5.598421958998375
311,281.0,0.0,0.0,185.0,0.0,1104.0,774.0,22.435549039999998,3.332204510175204
312,194.68,0.0,100.52,165.62,7.48,1006.4,905.9,24.986610239999997,2.6390573296152584
313,339.0,0.0,0.0,197.0,0.0,968.0,781.0,35.17017076,4.499809670330265
314,296.0,0.0,106.7,221.4,10.5,819.2,778.4,31.420110796000003,3.332204510175204
315,334.0,17.6,158.0,189.0,15.3,967.0,633.0,44.32641204,3.332204510175204
316,304.0,76.0,0.0,228.0,0.0,932.0,670.0,55.260122448,5.8998973535824915
317,299.8,0.0,119.8,211.5,9.9,878.2,727.6,23.835874796,3.332204510175204
318,173.0,116.0,0.0,192.0,0.0,946.8,856.8,6.940954892,1.0986122886681098
319,302.0,0.0,0.0,203.0,0.0,974.0,817.0,18.12632404,2.6390573296152584
320,436.0,0.0,0.0,218.0,0.0,838.4,719.7,23.84897484,3.332204510175204
321,173.81,93.37,159.9,172.34,9.73,1007.2,746.6,50.93848688,4.605170185988092
322,307.0,0.0,0.0,193.0,0.0,968.0,812.0,27.53077668,3.332204510175204
323,218.85,0.0,124.13,158.49,11.33,1078.7,794.91,37.2661778,4.02535169073515
324,297.16,0.0,117.54,174.8,9.52,1022.8,753.45,47.401475,3.332204510175204
325,336.5,0.0,0.0,181.9,3.4,985.8,816.8,44.868340176000004,3.332204510175204
326,439.0,177.0,0.0,186.0,11.1,884.9,707.9,65.99664272,3.332204510175204
327,149.0,117.6,91.7,182.9,7.1,953.4,780.3,23.524231644,3.332204510175204
328,277.0,0.0,0.0,191.0,0.0,968.0,856.0,32.32952964,5.19295685089021
329,237.5,237.5,0.0,228.0,0.0,932.0,594.0,26.258003984,1.9459101490553132
330,167.0,187.0,195.0,185.0,7.0,898.0,636.0,23.8903434,3.332204510175204
331,162.0,190.0,148.0,179.0,19.0,838.0,741.0,33.75674496,3.332204510175204
332,332.5,142.5,0.0,228.0,0.0,932.0,594.0,41.052779992,5.8998973535824915
333,172.38,13.61,172.37,156.76,4.14,1006.3,856.4,37.6798634,4.605170185988092
334,220.8,147.2,0.0,185.7,0.0,1055.0,744.3,25.745033839999998,3.332204510175204
335,310.0,0.0,0.0,192.0,0.0,970.0,850.0,38.11423328,5.886104031450156
336,145.0,116.0,119.0,184.0,5.7,833.0,880.0,29.15794004,3.332204510175204
337,475.0,118.8,0.0,181.1,8.9,852.1,781.5,68.29949256,3.332204510175204
338,321.4,0.0,127.9,182.5,11.5,870.1,779.7,37.265488323999996,3.332204510175204
339,296.0,0.0,0.0,192.0,0.0,1085.0,765.0,29.39236188,4.499809670330265
340,183.9,122.6,0.0,203.5,0.0,959.2,800.0,10.787541496,1.9459101490553132
341,212.0,141.3,0.0,203.5,0.0,973.4,750.0,33.003837168,3.332204510175204
342,374.3,0.0,0.0,190.2,6.7,1013.2,730.4,39.056057496,3.332204510175204
343,297.0,0.0,0.0,186.0,0.0,1040.0,734.0,30.9574724,1.9459101490553132
344,153.0,145.0,113.0,178.0,8.0,1002.0,689.0,25.55887532,3.332204510175204
345,288.0,192.0,0.0,192.0,0.0,932.0,717.8,50.526869708,4.499809670330265
346,202.0,11.0,141.0,206.0,1.72,942.0,801.0,9.84965714581204,1.0986122886681098
347,153.1,145.0,113.0,178.5,8.0,1001.9,688.7,25.559564796,3.332204510175204
348,424.0,22.0,132.0,178.0,8.48,822.0,750.0,39.004642284729314,1.9459101490553132
349,333.0,17.5,163.0,167.0,17.9,996.0,652.0,47.27736932,3.332204510175204
350,446.0,24.0,79.0,162.0,11.64,967.0,712.0,38.01770664,1.9459101490553132
351,469.0,117.2,0.0,137.8,32.2,852.1,840.5,66.89985628,3.332204510175204
352,213.72,98.05,24.51,181.71,6.86,1065.8,785.38,50.77301264,4.02535169073515
353,322.0,149.0,0.0,186.0,8.0,951.0,709.0,52.42086028,3.332204510175204
354,362.6,189.0,0.0,164.9,11.6,944.7,755.8,35.3011712,1.0986122886681098
355,540.0,0.0,0.0,173.0,0.0,1125.0,613.0,52.61391356,1.9459101490553132
356,152.6,238.7,0.0,200.0,6.3,1001.8,683.9,26.859916531999996,3.332204510175204
357,116.0,173.0,0.0,192.0,0.0,909.8,891.9,10.089791784,1.9459101490553132
358,255.0,0.0,0.0,192.0,0.0,889.8,945.0,10.222171176,1.9459101490553132
359,522.0,0.0,0.0,146.0,0.0,896.0,896.0,74.98740975999999,3.332204510175204
360,290.35,0.0,96.18,168.08,9.41,961.18,865.0,22.50449664,1.0986122886681098
361,166.8,250.2,0.0,203.5,0.0,975.6,692.6,43.565230536,4.499809670330265
362,469.0,117.2,0.0,137.8,32.2,852.1,840.5,69.29923276,4.02535169073515
363,290.35,0.0,96.18,168.08,9.41,961.18,865.0,45.08483564,4.02535169073515
364,198.6,132.4,0.0,192.0,0.0,978.4,825.5,9.131420144,1.0986122886681098
365,152.0,0.0,112.0,184.0,8.0,992.0,816.0,12.17614616,3.332204510175204
366,251.37,0.0,118.27,188.45,6.35,1028.4,757.73,44.209201119999996,4.605170185988092
367,401.8,94.7,0.0,147.4,11.4,946.8,852.1,68.4994406,3.332204510175204
368,446.0,24.0,79.0,162.0,11.61,967.0,712.0,35.36322404,1.0986122886681098
369,210.7,316.1,0.0,185.7,0.0,977.0,689.3,37.813621743999995,3.332204510175204
370,229.68,0.0,118.16,195.23,6.13,1028.1,757.63,13.35515012,1.0986122886681098
371,165.0,0.02,143.57,163.81,0.0,1005.6,900.9,16.87837248,2.6390573296152584
372,251.37,0.0,118.27,188.45,5.75,1028.4,757.73,36.96970312,4.02535169073515
373,475.0,0.0,0.0,228.0,0.0,932.0,594.0,39.28978986,3.332204510175204
374,155.0,184.0,143.0,194.0,9.0,880.0,699.0,28.98557104,3.332204510175204
375,231.75,0.0,121.62,173.96,6.72,1056.4,778.45,45.83636448,4.605170185988092
376,388.6,97.1,0.0,157.9,12.1,852.1,925.7,55.19944856,4.02535169073515
377,181.9,272.8,0.0,185.7,0.0,1012.4,714.3,27.935499091999997,3.332204510175204
378,160.0,188.0,146.0,203.0,11.0,829.0,710.0,32.83974188,3.332204510175204
379,362.6,189.0,0.0,164.9,11.6,944.7,755.8,71.29871315999999,3.332204510175204
380,475.0,0.0,0.0,228.0,0.0,932.0,594.0,42.229026048,4.499809670330265
381,284.0,119.7,0.0,168.3,7.2,970.4,794.2,40.934879596,3.332204510175204
382,102.0,153.0,0.0,192.0,0.0,887.0,942.0,4.565020596,1.0986122886681098
383,266.0,114.0,0.0,228.0,0.0,932.0,670.0,47.029847436000004,4.499809670330265
384,181.38,0.0,167.01,169.59,7.56,1055.6,777.8,45.3675208,4.605170185988092
385,425.0,106.3,0.0,153.5,16.5,852.1,887.1,60.2946762,3.332204510175204
386,286.3,200.9,0.0,144.7,11.2,1004.6,803.7,24.40055564,1.0986122886681098
387,382.5,0.0,0.0,185.7,0.0,1047.8,739.3,24.065470304,1.9459101490553132
388,339.0,0.0,0.0,185.0,0.0,1069.0,754.0,31.84000168,3.332204510175204
389,313.0,0.0,113.0,178.0,8.0,1002.0,689.0,36.80422888,3.332204510175204
390,379.5,151.2,0.0,153.9,15.9,1134.3,605.0,47.09810556,1.9459101490553132
391,212.52,0.0,100.37,159.32,8.71,1007.8,903.59,42.54756396,4.02535169073515
392,389.9,189.0,0.0,145.9,22.0,944.7,755.8,79.40005615999999,4.02535169073515
393,375.0,93.8,0.0,126.6,23.4,852.1,992.6,28.99936056,1.0986122886681098
394,439.0,177.0,0.0,186.0,11.1,884.9,707.9,56.095767359999996,1.9459101490553132
395,231.75,0.0,121.62,173.96,6.72,1056.4,778.45,26.77235308,2.6390573296152584
396,314.0,145.0,113.0,179.0,8.0,869.0,690.0,46.2293658,3.332204510175204
397,165.0,128.5,132.1,175.06,8.08,1005.8,746.6,46.38794528,3.332204510175204
398,500.0,0.0,0.0,140.0,4.0,966.0,853.0,67.568648,3.332204510175204
399,108.3,162.4,0.0,203.5,0.0,938.2,849.0,7.723510152,1.9459101490553132
400,259.9,100.6,78.4,170.6,10.4,935.7,762.9,49.77327244,3.332204510175204
401,425.0,106.3,0.0,153.5,16.5,852.1,887.1,64.30053176,4.02535169073515
402,148.1,0.0,182.1,181.4,15.0,838.9,884.3,15.526310044,3.332204510175204
403,167.0,75.4,167.0,164.03,7.91,1007.3,770.1,41.40992856,3.332204510175204
404,251.81,0.0,99.94,146.14,12.35,1006.0,899.76,21.02212324,1.0986122886681098
405,397.0,0.0,0.0,185.0,0.0,1040.0,734.0,39.0932892,3.332204510175204
406,213.5,0.0,174.24,154.61,11.66,1052.3,775.48,45.939785879999995,3.332204510175204
407,133.1,210.2,0.0,195.7,3.1,949.4,795.3,28.937997196,3.332204510175204
408,249.1,0.0,98.75,158.11,12.8,987.76,889.01,15.361525279999999,1.0986122886681098
409,295.71,0.0,95.64,171.54,8.87,955.14,859.2,48.718374159999996,4.02535169073515
410,480.0,0.0,0.0,192.0,0.0,936.2,712.2,54.315540328,4.499809670330265
411,251.37,0.0,118.27,188.45,6.35,1028.4,757.73,24.42813468,2.6390573296152584
412,475.0,0.0,0.0,228.0,0.0,932.0,594.0,42.620648416,5.19295685089021
413,162.0,190.1,148.1,178.8,18.8,838.1,741.4,33.762260768,3.332204510175204
414,374.0,189.2,0.0,170.1,10.1,926.1,756.7,63.3973182,4.02535169073515
415,229.97,0.0,118.31,195.47,4.63,1029.4,758.59,35.34253976,4.605170185988092
416,108.3,162.4,0.0,203.5,0.0,938.2,849.0,29.231713971999998,4.499809670330265
417,359.0,19.0,141.0,154.0,10.91,942.0,801.0,23.639177145812038,1.0986122886681098
418,238.0,0.0,0.0,185.0,0.0,1118.0,789.0,17.54026944,3.332204510175204
419,249.1,0.0,98.75,158.11,12.8,987.76,889.01,42.030456959999995,4.02535169073515
420,349.0,0.0,0.0,192.0,0.0,1047.0,806.0,41.05140104,5.19295685089021
421,148.1,0.0,136.6,158.1,16.1,1001.8,830.1,17.959470848000002,3.332204510175204
422,190.0,190.0,0.0,228.0,0.0,932.0,670.0,46.931941843999994,5.19295685089021
423,374.0,189.2,0.0,170.1,10.1,926.1,756.7,61.09446836,3.332204510175204
424,382.0,0.0,0.0,186.0,0.0,1047.0,739.0,24.00065956,1.9459101490553132
425,350.0,0.0,0.0,203.0,0.0,974.0,775.0,29.97841648,4.02535169073515
426,339.0,0.0,0.0,197.0,0.0,968.0,781.0,36.44570136,5.19295685089021
427,212.52,0.0,100.37,159.32,8.71,1007.8,903.59,13.54130864,1.0986122886681098
428,304.0,76.0,0.0,228.0,0.0,932.0,670.0,50.94882902,5.19295685089021
429,212.0,141.3,0.0,203.5,0.0,973.4,750.0,15.030576799999999,1.9459101490553132
430,184.0,86.0,190.0,213.0,6.0,923.0,623.0,22.93197176,3.332204510175204
431,212.57,0.0,100.39,159.35,10.37,1003.8,903.79,37.404073,3.332204510175204
432,296.0,0.0,0.0,186.0,0.0,1090.0,769.0,25.17966352,3.332204510175204
433,332.5,142.5,0.0,228.0,0.0,932.0,594.0,40.269535256000005,5.598421958998375
434,393.0,0.0,0.0,192.0,0.0,940.6,785.6,48.846616696,4.499809670330265
435,135.0,105.0,193.0,196.0,6.0,965.0,643.0,21.91154728,3.332204510175204
436,277.0,0.0,0.0,191.0,0.0,968.0,856.0,31.25394708,4.499809670330265
437,520.0,0.0,0.0,175.0,5.2,870.0,805.0,51.021224,3.332204510175204
438,190.34,0.0,125.18,161.85,9.88,1088.1,802.59,22.718234199999998,2.6390573296152584
439,200.0,0.0,0.0,180.0,0.0,1125.0,845.0,7.8393421199999995,1.9459101490553132
440,275.07,0.0,121.35,159.48,9.9,1053.6,777.5,56.847296199999995,4.02535169073515
441,310.0,0.0,0.0,192.0,0.0,970.0,850.0,27.923778,3.332204510175204
442,167.95,42.08,163.83,121.75,5.72,1058.7,780.11,17.8229546,2.6390573296152584
443,500.0,0.0,0.0,200.0,0.0,1125.0,613.0,55.15808,5.598421958998375
444,250.0,0.0,95.69,191.84,5.33,948.9,857.2,24.65566176,2.6390573296152584
445,446.0,24.0,79.0,162.0,11.64,967.0,712.0,55.25460664,4.02535169073515
446,333.0,0.0,0.0,192.0,0.0,931.2,842.6,31.966865263999996,3.332204510175204
447,387.0,20.0,94.0,157.0,11.61,938.0,845.0,41.66503468,1.9459101490553132
448,198.6,132.4,0.0,192.0,0.0,978.4,825.5,28.021683592,3.332204510175204
449,446.0,24.0,79.0,162.0,11.61,967.0,712.0,57.02655996,3.332204510175204
450,387.0,20.0,94.0,157.0,11.61,938.0,845.0,46.68441996,3.332204510175204
451,190.34,0.0,125.18,166.61,9.88,1079.0,798.9,31.715896,4.02535169073515
452,350.0,0.0,0.0,203.0,0.0,974.0,775.0,27.337723399999998,3.332204510175204
453,313.3,0.0,113.0,178.5,8.0,1001.9,688.7,36.804918356,3.332204510175204
454,236.0,0.0,0.0,194.0,0.0,968.0,885.0,12.83804312,2.6390573296152584
455,500.0,0.0,0.0,200.0,0.0,1125.0,613.0,33.21205892,1.9459101490553132
456,181.38,0.0,167.01,169.59,7.56,1055.6,777.8,21.601283079999998,2.6390573296152584
457,277.05,0.0,97.39,160.6,11.83,973.9,875.61,41.885667,2.6390573296152584
458,213.76,98.06,24.52,181.74,6.65,1066.0,785.52,47.13257936,4.02535169073515
459,401.8,94.7,0.0,147.4,11.4,946.8,852.1,54.09628696,1.9459101490553132
460,331.0,170.0,0.0,195.0,8.0,811.0,802.0,56.61287436,3.332204510175204
461,218.23,54.64,123.78,140.75,11.91,1075.7,792.67,63.528318639999995,4.605170185988092
462,298.0,0.0,107.0,186.0,6.0,879.0,815.0,42.63719584,3.332204510175204
463,135.7,203.5,0.0,185.7,0.0,1076.2,759.3,18.19871902,3.332204510175204
464,166.0,260.0,0.0,183.0,13.0,859.0,827.0,37.91428524,3.332204510175204
465,266.0,114.0,0.0,228.0,0.0,932.0,670.0,45.854290856,3.332204510175204
466,425.0,106.3,0.0,153.5,16.5,852.1,887.1,65.19685056,4.51085950651685
467,310.0,0.0,0.0,192.0,0.0,1012.0,830.0,17.24379476,1.9459101490553132
468,157.0,236.0,0.0,192.0,0.0,935.4,781.2,16.889404096,1.9459101490553132
469,132.0,207.0,161.0,179.0,5.0,867.0,736.0,33.301690799999996,3.332204510175204
470,425.0,106.3,0.0,153.5,16.5,852.1,887.1,33.398217439999996,1.0986122886681098
471,214.9,53.8,121.89,155.63,9.61,1014.3,780.58,52.20022796,3.332204510175204
472,154.0,144.0,112.0,220.0,10.0,923.0,658.0,16.49916068,3.332204510175204
473,198.6,132.4,0.0,192.0,0.0,978.4,825.5,38.074243671999994,4.499809670330265
474,286.3,200.9,0.0,144.7,11.2,1004.6,803.7,72.99482412,4.02535169073515
475,162.0,207.0,172.0,216.0,10.0,822.0,638.0,39.84481804,3.332204510175204
476,310.0,0.0,0.0,192.0,0.0,1012.0,830.0,27.827251359999998,3.332204510175204
477,313.8,0.0,112.6,169.9,10.1,925.3,782.9,38.461039708,3.332204510175204
478,255.0,99.0,77.0,189.0,6.0,919.0,749.0,33.79811352,3.332204510175204
479,251.37,0.0,118.27,188.45,5.75,1028.4,757.73,43.58177796,4.605170185988092
480,349.0,0.0,0.0,192.0,0.0,1047.0,806.0,14.98920824,1.0986122886681098
481,173.0,116.0,0.0,192.0,0.0,946.8,856.8,11.392211948,1.9459101490553132
482,480.0,0.0,0.0,192.0,0.0,936.2,712.2,24.404692496,1.0986122886681098
483,229.97,0.0,118.31,195.47,4.63,1029.4,758.59,24.483292759999998,3.332204510175204
484,145.0,0.0,134.0,181.0,11.0,979.0,812.0,13.19657064,3.332204510175204
485,162.0,214.0,164.0,202.0,10.0,820.0,680.0,30.647208199999998,3.332204510175204
486,305.3,203.5,0.0,203.5,0.0,965.4,631.0,54.598914963999995,4.499809670330265
487,277.19,97.82,24.46,160.7,11.19,1061.7,782.46,66.9481196,4.605170185988092
488,491.0,26.0,123.0,210.0,3.93,882.0,699.0,55.55108132,3.332204510175204
489,393.0,0.0,0.0,192.0,0.0,940.0,758.0,48.79421652,4.499809670330265
490,212.57,0.0,100.39,159.35,10.37,1003.8,903.79,47.739318239999996,4.605170185988092
491,160.0,250.0,0.0,168.0,12.0,1049.0,688.0,39.45181672,3.332204510175204
492,173.81,93.37,159.9,172.34,9.73,1007.2,746.6,37.810863839999996,3.332204510175204
493,159.0,187.0,0.0,176.0,11.0,990.0,789.0,32.763899519999995,3.332204510175204
494,356.0,119.0,0.0,160.0,9.03,1061.0,657.0,58.99846132,3.332204510175204
495,153.0,102.0,0.0,192.0,0.0,888.0,943.1,4.782205536,1.0986122886681098
496,173.81,93.37,159.9,172.34,9.73,1007.2,746.6,48.9872698,4.02535169073515
497,485.0,0.0,0.0,146.0,0.0,1120.0,800.0,71.98818916,3.332204510175204
498,522.0,0.0,0.0,146.0,0.0,896.0,896.0,50.511011759999995,1.9459101490553132
499,144.0,170.0,133.0,192.0,8.0,814.0,805.0,29.86810032,3.332204510175204
500,236.0,0.0,0.0,194.0,0.0,968.0,885.0,18.415903959999998,3.332204510175204
501,261.0,100.0,78.0,201.0,9.0,864.0,761.0,32.39847724,3.332204510175204
502,296.0,0.0,0.0,192.0,0.0,1085.0,765.0,21.6495464,3.332204510175204
503,446.0,24.0,79.0,162.0,11.64,967.0,712.0,56.14403068,4.02535169073515
504,339.0,0.0,0.0,185.0,0.0,1060.0,754.0,31.6469484,3.332204510175204
505,323.7,282.8,0.0,183.8,10.3,942.7,659.9,28.296095039999997,1.0986122886681098
506,213.72,98.05,24.51,181.71,6.86,1065.8,785.38,45.70536404,3.332204510175204
507,154.8,183.4,0.0,193.3,9.1,1047.4,696.7,18.287661424,3.332204510175204
508,425.0,106.3,0.0,151.4,18.6,936.0,803.7,61.797733879999996,3.332204510175204
509,362.6,189.0,0.0,164.9,11.6,944.7,755.8,79.29663476,4.51085950651685
510,475.0,0.0,0.0,228.0,0.0,932.0,594.0,41.934619796,5.8998973535824915
511,213.74,0.0,174.74,154.79,10.16,1053.5,776.35,33.72916592,2.6390573296152584
512,331.0,0.0,0.0,192.0,0.0,1025.0,821.0,14.306626999999999,1.0986122886681098
513,349.0,0.0,0.0,192.0,0.0,1056.0,809.0,33.60506024,3.332204510175204
514,305.3,203.5,0.0,203.5,0.0,965.4,631.0,14.143910664,1.0986122886681098
515,313.0,161.0,0.0,178.0,10.0,917.0,759.0,52.44154456,3.332204510175204
516,150.0,237.0,0.0,174.0,12.0,1069.0,675.0,37.431652039999996,3.332204510175204
517,203.5,305.3,0.0,203.5,0.0,963.4,630.0,9.561653168,1.0986122886681098
518,213.74,0.0,174.74,154.79,10.16,1053.5,776.35,50.07664188,4.605170185988092
519,229.97,0.0,118.31,195.47,4.63,1029.4,758.59,10.0318758,1.0986122886681098
520,164.2,0.0,200.1,181.2,12.6,849.3,846.0,15.091250688,3.332204510175204
521,307.0,0.0,0.0,193.0,0.0,968.0,812.0,12.541568439999999,1.0986122886681098
522,193.5,290.2,0.0,185.7,0.0,998.2,704.3,32.626693796000005,3.332204510175204
523,220.8,147.2,0.0,185.7,0.0,1055.0,744.3,13.089012384,1.9459101490553132
524,194.68,0.0,100.52,170.17,7.48,998.0,901.8,12.17614616,1.0986122886681098
525,425.0,106.3,0.0,151.4,18.6,936.0,803.7,66.69990824,4.51085950651685
526,160.0,128.0,122.0,182.0,6.4,824.0,879.0,39.39665864,3.332204510175204
527,214.9,53.8,121.89,155.63,9.61,1014.3,780.58,53.95839176,4.02535169073515
528,382.0,0.0,0.0,185.0,0.0,1047.0,739.0,37.42475728,3.332204510175204
529,376.0,0.0,0.0,214.6,0.0,1003.5,762.36,16.27852836,1.0986122886681098
530,305.0,0.0,100.0,196.0,10.0,959.0,705.0,30.12320644,3.332204510175204
531,281.0,0.0,0.0,186.0,0.0,1104.0,774.0,14.49968028,1.9459101490553132
532,239.6,359.4,0.0,185.7,0.0,941.6,664.3,25.422359072,1.9459101490553132
533,425.0,106.3,0.0,153.5,16.5,852.1,887.1,49.20100736,1.9459101490553132
534,310.0,0.0,0.0,192.0,0.0,1012.0,830.0,35.763120119999996,4.499809670330265
535,178.03,129.8,118.6,179.94,3.57,1007.3,746.8,34.23937816,2.6390573296152584
536,387.0,20.0,94.0,157.0,11.61,938.0,845.0,34.77027468,1.0986122886681098
537,387.0,20.0,94.0,157.0,11.61,938.0,845.0,61.45989064,4.02535169073515
538,275.07,0.0,121.35,159.48,9.9,1053.6,777.5,23.80071152,1.0986122886681098
539,250.0,0.0,95.69,187.42,5.53,956.86,861.17,29.21999288,3.332204510175204
540,355.0,19.0,97.0,145.0,13.13,967.0,871.0,44.02993736,3.332204510175204
541,150.9,0.0,183.9,166.6,11.6,991.2,772.2,15.569747031999999,3.332204510175204
542,139.6,209.4,0.0,192.0,0.0,1047.0,806.9,39.358047983999995,4.499809670330265
543,151.0,0.0,185.0,167.0,16.0,1074.0,678.0,13.45857152,3.332204510175204
544,277.05,0.0,97.39,160.6,11.83,973.9,875.61,55.6407132,4.605170185988092
545,251.37,0.0,118.27,192.94,5.75,1043.6,754.3,20.72564856,2.6390573296152584
546,213.74,0.0,174.74,154.79,10.16,1053.5,776.35,46.6430514,4.02535169073515
547,146.0,173.0,0.0,182.0,3.0,986.0,817.0,23.73865868,3.332204510175204
548,480.0,0.0,0.0,192.0,0.0,936.2,712.2,34.569637164,1.9459101490553132
549,149.0,139.0,109.0,193.0,6.0,892.0,780.0,23.69039536,3.332204510175204
550,141.9,166.6,129.7,173.5,10.9,882.6,785.3,44.61185510399999,3.332204510175204
551,239.6,359.4,0.0,185.7,0.0,941.6,664.3,39.435269296,3.332204510175204
552,362.6,189.0,0.0,164.9,11.6,944.7,755.8,79.29663476,4.51085950651685
553,362.6,189.0,0.0,164.9,11.6,944.7,755.8,55.89581932,1.9459101490553132
554,380.0,0.0,0.0,228.0,0.0,932.0,670.0,52.516697443999995,5.8998973535824915
555,238.05,0.0,94.11,186.66,7.0,949.91,847.01,44.298833,4.605170185988092
556,505.0,0.0,60.0,195.0,0.0,1030.0,630.0,64.0178466,3.332204510175204
557,298.2,0.0,107.0,209.7,11.1,879.6,744.2,31.875164956000003,3.332204510175204
558,313.3,262.2,0.0,175.5,8.6,1046.9,611.8,64.90037588,4.02535169073515
559,332.5,142.5,0.0,228.0,0.0,932.0,594.0,30.275580636,1.9459101490553132
560,516.0,0.0,0.0,162.0,8.2,801.0,802.0,41.36856,3.332204510175204
561,295.8,0.0,0.0,185.7,0.0,1091.4,769.3,25.216895223999998,3.332204510175204
562,302.0,0.0,0.0,203.0,0.0,974.0,817.0,21.7529678,3.332204510175204
563,469.0,117.2,0.0,137.8,32.2,852.1,840.5,70.69886903999999,4.51085950651685
564,255.5,170.3,0.0,185.7,0.0,1026.6,724.3,17.236210524,1.9459101490553132
565,254.0,0.0,0.0,198.0,0.0,968.0,863.0,27.62730332,5.19295685089021
566,425.0,106.3,0.0,153.5,16.5,852.1,887.1,60.2946762,3.332204510175204
567,155.0,183.0,0.0,193.0,9.0,877.0,868.0,23.786922,3.332204510175204
568,212.0,0.0,124.78,159.0,7.84,1085.4,799.54,31.35047372,2.6390573296152584
569,333.0,0.0,0.0,192.0,0.0,931.2,842.6,41.680203152,4.499809670330265
570,200.0,0.0,0.0,180.0,0.0,1125.0,845.0,12.24509376,3.332204510175204
571,349.0,0.0,0.0,192.0,0.0,1056.0,809.0,40.65839972,4.499809670330265
572,339.2,0.0,0.0,185.7,0.0,1069.2,754.3,31.899986092,3.332204510175204
573,145.9,230.5,0.0,202.5,3.4,827.0,871.8,32.720462532,3.332204510175204
574,149.5,236.0,0.0,175.8,12.6,846.8,892.7,32.96384756,3.332204510175204
575,143.6,0.0,174.9,158.4,17.9,942.7,844.5,15.42357812,3.332204510175204
576,333.0,0.0,0.0,192.0,0.0,931.2,842.6,15.615941924,1.0986122886681098
577,380.0,95.0,0.0,228.0,0.0,932.0,594.0,40.759063216,5.19295685089021
578,252.31,0.0,98.75,146.25,14.17,987.76,889.01,55.82687172,4.02535169073515
579,531.3,0.0,0.0,141.8,28.2,852.1,893.7,58.798513279999995,4.02535169073515
580,331.0,0.0,0.0,192.0,0.0,978.0,825.0,38.99676256,5.19295685089021
581,194.68,0.0,100.52,170.17,7.48,998.0,901.8,43.388724679999996,4.02535169073515
582,304.0,76.0,0.0,228.0,0.0,932.0,670.0,54.378282643999995,5.598421958998375
583,491.0,26.0,123.0,201.0,3.93,822.0,699.0,29.54897143054136,1.0986122886681098
584,251.37,0.0,118.27,188.45,6.35,1028.4,757.73,13.12072828,1.0986122886681098
585,310.0,0.0,0.0,192.0,0.0,1012.0,830.0,38.70028788,4.787491742782046
586,326.0,0.0,138.0,199.0,11.0,801.0,792.0,40.679083999999996,3.332204510175204
587,194.68,0.0,100.52,165.62,7.48,1006.4,905.9,12.45193656,1.0986122886681098
588,520.0,0.0,0.0,170.0,5.2,855.0,855.0,60.280886679999995,3.332204510175204
589,446.0,24.0,79.0,162.0,10.3,967.0,712.0,53.38612668,3.332204510175204
590,317.9,0.0,126.5,209.7,5.7,860.5,736.6,40.062002979999995,3.332204510175204
591,251.37,0.0,118.27,188.45,5.75,1028.4,757.73,29.93015316,2.6390573296152584
592,148.0,0.0,182.0,181.0,15.0,839.0,884.0,15.520104759999999,3.332204510175204
593,164.6,0.0,150.4,181.6,11.7,1023.3,728.9,18.033934256,3.332204510175204
594,261.9,110.5,86.1,195.4,5.0,895.2,732.6,33.71882378,3.332204510175204
595,397.0,0.0,0.0,185.7,0.0,1040.6,734.3,33.082437432,3.332204510175204
596,143.8,136.3,106.2,178.1,7.5,941.5,774.3,26.147687824,3.332204510175204
597,190.68,0.0,125.4,162.14,7.77,1090.0,804.01,26.40003604,3.332204510175204
598,165.0,0.02,143.57,163.81,0.0,1005.6,900.9,26.200088,3.332204510175204
599,439.0,177.0,0.0,186.0,11.1,884.9,707.9,71.69860924,4.02535169073515
600,238.05,0.0,94.11,186.66,7.0,949.91,847.01,30.2335226,3.332204510175204
601,192.0,288.0,0.0,192.0,0.0,929.8,716.1,50.732333556,4.499809670330265
602,480.0,0.0,0.0,192.0,0.0,936.0,721.0,24.39366088,1.0986122886681098
603,250.0,0.0,95.69,191.84,5.33,948.9,857.2,41.1617172,4.605170185988092
604,194.68,0.0,100.52,165.62,7.48,1006.4,905.9,37.34202016,4.605170185988092
605,339.0,0.0,0.0,197.0,0.0,968.0,781.0,32.039949719999996,3.332204510175204
606,446.0,24.0,79.0,162.0,11.64,967.0,712.0,39.300132,1.9459101490553132
607,387.0,20.0,94.0,157.0,13.93,938.0,845.0,46.68441996,3.332204510175204
608,212.0,141.3,0.0,203.5,0.0,973.4,750.0,6.8085755,1.0986122886681098
609,251.37,0.0,118.27,192.94,5.75,1043.6,754.3,11.98309288,1.0986122886681098
610,167.35,129.9,128.62,175.46,7.79,1006.3,746.6,31.812422639999998,2.6390573296152584
611,165.0,128.5,132.1,175.06,8.08,1005.8,746.6,55.020184799999996,4.605170185988092
612,284.0,120.0,0.0,168.0,7.0,970.0,794.0,40.93419012,3.332204510175204
613,331.0,0.0,0.0,192.0,0.0,978.0,825.0,41.244454319999996,5.886104031450156
614,380.0,95.0,0.0,228.0,0.0,932.0,594.0,41.15137506,5.598421958998375
615,151.8,178.1,138.7,167.5,18.3,944.0,694.6,36.349864196,3.332204510175204
616,153.1,145.0,113.0,178.5,8.0,867.2,824.0,26.233182848000002,3.332204510175204
617,165.0,0.0,150.0,182.0,12.0,1023.0,729.0,18.0297974,3.332204510175204
618,388.6,97.1,0.0,157.9,12.1,852.1,925.7,50.69717028,3.332204510175204
619,289.0,0.0,0.0,192.0,0.0,913.2,895.3,32.068218236,4.499809670330265
620,168.88,42.22,124.25,158.33,10.83,1080.8,796.15,23.5111316,2.6390573296152584
621,122.6,183.9,0.0,203.5,0.0,958.2,800.1,33.192064116000005,4.499809670330265
622,108.3,162.4,0.0,203.5,0.0,938.2,849.0,2.331807832,1.0986122886681098
623,237.5,237.5,0.0,228.0,0.0,932.0,594.0,38.995383608,5.8998973535824915
624,212.0,0.0,124.78,159.0,7.84,1085.4,799.54,47.8151606,4.605170185988092
625,525.0,0.0,0.0,189.0,0.0,1125.0,613.0,33.79811352,1.0986122886681098
626,337.9,189.0,0.0,174.9,9.5,944.7,755.8,49.89737812,3.332204510175204
627,313.0,145.0,0.0,127.0,8.0,1000.0,822.0,44.51946532,3.332204510175204
628,446.0,24.0,79.0,162.0,11.61,967.0,712.0,52.00717468,1.9459101490553132
629,331.0,0.0,0.0,192.0,0.0,978.0,825.0,37.231704,4.499809670330265
630,350.0,0.0,0.0,186.0,0.0,1050.0,770.0,34.29453624,3.332204510175204
631,272.8,105.1,81.8,209.7,9.0,904.0,679.7,37.171030112,3.332204510175204
632,218.23,54.64,123.78,140.75,11.91,1075.7,792.67,27.42046052,1.0986122886681098
633,167.95,42.08,163.83,121.75,5.72,1058.7,780.11,32.8535314,4.02535169073515
634,159.8,250.0,0.0,168.4,12.2,1049.3,688.2,39.455953576,3.332204510175204
635,172.38,13.61,172.37,156.76,4.14,1006.3,856.4,35.852751999999995,4.02535169073515
636,166.0,259.7,0.0,183.2,12.7,858.8,826.8,37.917043144,3.332204510175204
637,181.38,0.0,167.01,169.59,7.56,1055.6,777.8,35.570066839999996,4.02535169073515
638,385.0,0.0,0.0,186.0,0.0,966.0,763.0,23.221551679999997,1.9459101490553132
639,374.0,189.2,0.0,170.1,10.1,926.1,756.7,34.39795764,1.0986122886681098
640,251.37,0.0,118.27,192.94,5.75,1043.6,754.3,40.14818748,4.605170185988092
641,229.68,0.0,118.16,195.23,6.13,1028.1,757.63,31.35047372,4.02535169073515
642,290.2,193.5,0.0,185.7,0.0,998.2,704.3,21.859147104,1.9459101490553132
643,167.95,42.08,163.83,121.75,5.72,1058.7,780.11,7.74971024,1.0986122886681098
644,246.83,0.0,125.08,143.3,11.99,1086.8,800.89,66.42411784,4.605170185988092
645,296.0,0.0,0.0,186.0,0.0,1090.0,769.0,18.91232668,1.9459101490553132
646,313.3,145.0,0.0,178.5,8.0,1001.9,688.7,41.053469468,3.332204510175204
647,286.3,200.9,0.0,144.7,11.2,1004.6,803.7,67.69964844,3.332204510175204
648,385.0,0.0,0.0,186.0,0.0,966.0,763.0,31.35047372,3.332204510175204
649,158.4,0.0,194.9,219.7,11.0,897.7,712.9,8.536402356,3.332204510175204
650,251.37,0.0,118.27,188.45,5.75,1028.4,757.73,29.654362759999998,3.332204510175204
651,531.3,0.0,0.0,141.8,28.2,852.1,893.7,59.19840936,4.51085950651685
652,229.68,0.0,118.16,195.23,6.13,1028.1,757.63,40.85834776,4.605170185988092
653,312.7,144.7,0.0,127.3,8.0,999.7,822.2,44.523602176000004,3.332204510175204
654,266.0,112.0,87.0,178.0,10.0,910.0,745.0,39.417342919999996,3.332204510175204
655,290.35,0.0,96.18,168.08,9.41,961.18,865.0,34.73580088,3.332204510175204
656,237.5,237.5,0.0,228.0,0.0,932.0,594.0,30.079769451999997,3.332204510175204
657,250.0,0.0,95.69,187.42,5.53,956.86,861.17,24.91766264,2.6390573296152584
658,254.0,0.0,0.0,198.0,0.0,968.0,863.0,9.307926,1.0986122886681098
659,212.57,0.0,100.39,159.35,10.37,1003.8,903.79,13.33446584,1.0986122886681098
660,375.0,0.0,0.0,186.0,0.0,1038.0,758.0,26.0621928,1.9459101490553132
661,286.3,200.9,0.0,144.7,11.2,1004.6,803.7,76.80073164,4.51085950651685
662,236.9,91.7,71.5,246.9,6.0,852.9,695.4,28.629801423999997,3.332204510175204
663,297.8,137.2,106.9,201.3,6.0,878.4,655.3,53.524711356,3.332204510175204
664,143.7,170.2,132.6,191.6,8.5,814.1,805.3,29.870858223999996,3.332204510175204
665,168.88,42.22,124.25,158.33,10.83,1080.8,796.15,39.14844728,4.02535169073515
666,284.0,15.0,141.0,179.0,5.46,842.0,801.0,44.520450284729314,4.02535169073515
667,427.5,47.5,0.0,228.0,0.0,932.0,594.0,41.542997428,4.499809670330265
668,331.0,0.0,0.0,192.0,0.0,978.0,825.0,13.52062436,1.0986122886681098
669,249.1,0.0,98.75,158.11,12.8,987.76,889.01,28.6822016,2.6390573296152584
670,393.0,0.0,0.0,192.0,0.0,940.0,758.0,19.10537996,1.0986122886681098
671,222.36,0.0,96.67,189.29,4.46,967.08,870.32,24.8900836,3.332204510175204
672,304.8,0.0,99.6,196.0,9.8,959.4,705.2,30.12320644,3.332204510175204
673,540.0,0.0,0.0,173.0,0.0,1125.0,613.0,74.16693332,5.598421958998375
674,379.5,151.2,0.0,153.9,15.9,1134.3,605.0,56.49566344,4.51085950651685
675,252.0,0.0,0.0,185.0,0.0,1111.0,784.0,13.71367764,1.9459101490553132
676,190.68,0.0,125.4,162.14,7.77,1090.0,804.01,15.04436632,1.0986122886681098
677,212.57,0.0,100.39,159.35,10.37,1003.8,903.79,25.3727168,2.6390573296152584
678,236.0,0.0,0.0,193.0,0.0,968.0,885.0,9.99050724,1.9459101490553132
679,382.5,0.0,0.0,185.7,0.0,1047.8,739.3,37.437857324,3.332204510175204
680,475.0,118.8,0.0,181.1,8.9,852.1,781.5,74.19451236,4.51085950651685
681,165.0,128.5,132.1,175.06,8.08,1005.8,746.6,53.72396992,4.02535169073515
682,251.81,0.0,99.94,146.14,12.35,1006.0,899.76,44.14025352,4.02535169073515
683,350.0,0.0,0.0,203.0,0.0,974.0,775.0,22.53207568,2.6390573296152584
684,405.0,0.0,0.0,175.0,0.0,1120.0,695.0,52.30364936,3.332204510175204
685,155.6,243.5,0.0,180.3,10.7,1022.0,697.7,37.363393916,3.332204510175204
686,298.0,137.0,107.0,201.0,6.0,878.0,655.0,53.52402188,3.332204510175204
687,366.0,187.0,0.0,191.0,7.0,824.0,757.0,65.90701084,3.332204510175204
688,500.0,0.0,0.0,200.0,0.0,1125.0,613.0,44.0919902,3.332204510175204
689,238.0,0.0,0.0,186.0,0.0,1119.0,789.0,17.54026944,3.332204510175204
690,222.36,0.0,96.67,189.29,4.46,967.08,870.32,40.7135578,4.605170185988092
691,166.09,0.0,163.27,176.46,4.49,1058.6,780.09,33.5430074,4.605170185988092
692,325.6,166.4,0.0,174.0,8.9,881.6,790.0,61.23581094,3.332204510175204
693,249.1,0.0,98.75,158.11,12.8,987.76,889.01,30.84715624,3.332204510175204
694,393.0,0.0,0.0,192.0,0.0,940.0,758.0,39.58281716,3.332204510175204
695,167.0,75.4,167.0,164.03,7.91,1007.3,770.1,32.90179472,2.6390573296152584
696,149.0,118.0,92.0,183.0,7.0,953.0,780.0,23.51802636,3.332204510175204
697,427.5,47.5,0.0,228.0,0.0,932.0,594.0,43.01296026,5.598421958998375
698,401.8,94.7,0.0,147.4,11.4,946.8,852.1,75.49762199999999,4.51085950651685
699,190.34,0.0,125.18,166.61,9.88,1079.0,798.9,19.41564416,2.6390573296152584
700,310.0,0.0,0.0,192.0,0.0,971.0,850.6,9.86640156,1.0986122886681098
701,322.0,0.0,0.0,203.0,0.0,974.0,800.0,20.77391188,2.6390573296152584
702,212.0,0.0,124.78,159.0,7.84,1085.4,799.54,38.500339839999995,3.332204510175204
703,337.9,189.0,0.0,174.9,9.5,944.7,755.8,59.89478012,4.02535169073515
704,203.5,305.3,0.0,203.5,0.0,963.4,630.0,41.684340008,3.332204510175204
705,173.54,50.05,173.53,164.77,6.47,1006.2,793.5,23.07676172,1.0986122886681098
706,469.0,117.2,0.0,137.8,32.2,852.1,840.5,54.896079119999996,1.9459101490553132
707,190.34,0.0,125.18,161.85,9.88,1088.1,802.59,28.46846404,3.332204510175204
708,251.37,0.0,118.27,188.45,6.35,1028.4,757.73,32.66047812,3.332204510175204
709,388.6,97.1,0.0,157.9,12.1,852.1,925.7,28.096147,1.0986122886681098
710,214.9,53.8,121.89,155.63,9.61,1014.3,780.58,56.63355864,4.605170185988092
711,277.19,97.82,24.46,160.7,11.19,1061.7,782.46,30.44726016,1.0986122886681098
712,424.0,22.0,132.0,178.0,8.48,882.0,750.0,32.01138571527068,1.0986122886681098
713,356.0,0.0,142.0,193.0,11.0,801.0,778.0,40.865242519999995,3.332204510175204
714,236.0,157.0,0.0,192.0,0.0,972.6,749.1,13.565440299999999,1.0986122886681098
715,277.0,0.0,0.0,191.0,0.0,968.0,856.0,33.70158688,5.886104031450156
716,389.9,189.0,0.0,145.9,22.0,944.7,755.8,74.4978818,3.332204510175204
717,350.0,0.0,0.0,203.0,0.0,974.0,775.0,32.72253096,5.19295685089021
718,229.97,0.0,118.31,195.47,4.63,1029.4,758.59,31.53663224,4.02535169073515
719,362.6,189.0,0.0,164.9,11.6,944.7,755.8,55.89581932,1.9459101490553132
720,183.9,122.6,0.0,203.5,0.0,959.2,800.0,32.53292506,4.499809670330265
721,251.81,0.0,99.94,146.14,12.35,1006.0,899.76,33.35684888,2.6390573296152584
722,250.0,0.0,95.69,187.42,5.53,956.86,861.17,13.817099039999999,1.0986122886681098
723,287.0,121.0,94.0,188.0,9.0,904.0,696.0,41.940825079999996,3.332204510175204
724,500.0,0.0,0.0,151.0,9.0,1033.0,655.0,69.83702404,3.332204510175204
725,147.8,175.1,0.0,171.2,2.2,1000.0,828.5,26.922658848,3.332204510175204
726,276.4,116.0,90.3,179.6,8.9,870.1,768.3,44.284354003999994,3.332204510175204
727,500.0,0.0,0.0,200.0,0.0,1125.0,613.0,51.04190828,5.19295685089021
728,275.0,0.0,0.0,183.0,0.0,1088.0,808.0,14.2032056,1.9459101490553132
729,425.0,106.3,0.0,153.5,16.5,852.1,887.1,33.398217439999996,1.0986122886681098
730,439.0,177.0,0.0,186.0,11.1,884.9,707.9,73.29819356,4.51085950651685
731,173.54,50.05,173.53,164.77,6.47,1006.2,793.5,33.00521612,2.6390573296152584
732,446.0,24.0,79.0,162.0,11.64,967.0,712.0,44.42293868,3.332204510175204
733,284.0,15.0,141.0,179.0,5.46,842.0,801.0,24.13166,1.9459101490553132
734,183.9,122.6,0.0,203.5,0.0,959.2,800.0,24.046164976,3.332204510175204
735,116.0,173.0,0.0,192.0,0.0,909.8,891.9,22.347985588,3.332204510175204
736,337.9,189.0,0.0,174.9,9.5,944.7,755.8,67.79617508,4.51085950651685
737,160.2,188.0,146.4,203.2,11.3,828.7,709.7,35.314271244,3.332204510175204
738,213.76,98.06,24.52,181.74,6.65,1066.0,785.52,17.83674412,2.6390573296152584
739,446.0,24.0,79.0,162.0,10.3,967.0,712.0,54.765078679999995,4.02535169073515
740,213.72,98.05,24.51,181.71,6.86,1065.8,785.38,53.90323368,4.605170185988092
741,366.0,187.0,0.0,191.3,6.6,824.3,756.9,65.909079268,3.332204510175204
742,288.0,192.0,0.0,192.0,0.0,932.0,717.8,38.804398756000005,3.332204510175204
743,254.0,0.0,0.0,198.0,0.0,968.0,863.0,29.7853632,5.8998973535824915
744,164.0,0.0,200.0,181.0,13.0,849.0,846.0,15.08573488,3.332204510175204
745,156.0,243.0,0.0,180.0,11.0,1022.0,698.0,37.36270444,3.332204510175204
746,303.6,139.9,0.0,213.5,6.2,895.5,722.5,33.419591196,3.332204510175204
747,165.0,0.02,143.57,163.81,0.0,1005.6,900.9,36.56291228,4.02535169073515
748,200.0,133.0,0.0,192.0,0.0,965.4,806.2,11.414275179999999,1.0986122886681098
749,200.0,133.0,0.0,192.0,0.0,965.4,806.2,43.25082948,4.499809670330265
750,186.2,124.1,0.0,185.7,0.0,1083.4,764.3,7.995853172,1.9459101490553132
751,313.0,145.0,0.0,178.0,8.0,867.0,824.0,44.38846488,3.332204510175204
752,295.71,0.0,95.64,171.54,8.87,955.14,859.2,35.2322236,2.6390573296152584
753,213.76,98.06,24.52,181.74,6.65,1066.0,785.52,49.973220479999995,4.605170185988092
754,288.4,121.0,0.0,177.4,7.0,907.9,829.5,42.14008364399999,3.332204510175204
755,102.0,153.0,0.0,192.0,0.0,887.0,942.0,25.460969728000002,4.499809670330265
756,116.0,173.0,0.0,192.0,0.0,909.8,891.9,6.280436883999999,1.0986122886681098
757,157.0,236.0,0.0,192.0,0.0,935.4,781.2,33.664355176,3.332204510175204
758,167.35,129.9,128.62,175.46,7.79,1006.3,746.6,14.94094492,1.0986122886681098
759,323.7,282.8,0.0,183.8,10.3,942.7,659.9,74.69782984,3.332204510175204
760,313.0,145.0,0.0,178.0,8.0,1002.0,689.0,41.05140104,3.332204510175204
761,173.54,50.05,173.53,164.77,6.47,1006.2,793.5,56.061293559999996,4.605170185988092
762,228.0,342.1,0.0,185.7,0.0,955.8,674.3,21.917063088,1.9459101490553132
763,355.9,0.0,141.6,193.3,11.0,801.4,778.4,40.8686899,3.332204510175204
764,153.0,239.0,0.0,200.0,6.0,1002.0,684.0,26.8550902,3.332204510175204
765,250.2,166.8,0.0,203.5,0.0,977.6,694.1,19.35014394,1.9459101490553132
766,182.04,45.21,121.97,170.21,8.19,1059.4,780.65,48.67011084,4.605170185988092
767,255.0,0.0,0.0,192.0,0.0,889.8,945.0,8.204074924,1.0986122886681098
768,382.0,0.0,0.0,186.0,0.0,1111.0,784.0,11.46598588,1.9459101490553132
769,277.0,0.0,0.0,191.0,0.0,968.0,856.0,25.965666159999998,3.332204510175204
770,164.0,163.0,128.0,197.0,8.0,961.0,641.0,27.234302,3.332204510175204
771,250.0,0.0,95.69,187.42,5.53,956.86,861.17,42.347615919999996,4.605170185988092
772,359.0,19.0,141.0,154.0,10.91,942.0,801.0,25.11662571527068,1.0986122886681098
773,213.5,0.0,174.24,154.61,11.66,1052.3,775.48,59.30183076,4.605170185988092
774,540.0,0.0,0.0,173.0,0.0,1125.0,613.0,71.62276688,5.19295685089021
775,218.23,54.64,123.78,140.75,11.91,1075.7,792.67,61.99078716,4.02535169073515
776,300.0,0.0,0.0,184.0,0.0,1075.0,795.0,15.575262839999999,1.9459101490553132
777,424.0,22.0,132.0,178.0,8.48,822.0,750.0,62.052839999999996,3.332204510175204
778,491.0,26.0,123.0,210.0,3.93,882.0,699.0,33.488834284729315,1.9459101490553132
779,153.0,102.0,0.0,192.0,0.0,888.0,943.1,8.374375495999999,1.9459101490553132
780,133.0,200.0,0.0,192.0,0.0,927.4,839.2,13.664035367999999,1.9459101490553132
781,238.05,0.0,94.11,186.66,7.0,949.91,847.01,25.68987576,2.6390573296152584
782,349.0,0.0,0.0,192.0,0.0,1047.0,806.0,42.126983599999996,5.886104031450156
783,326.5,0.0,137.9,199.0,10.8,801.1,792.5,38.630650804,3.332204510175204
784,141.3,212.0,0.0,203.5,0.0,971.8,748.5,29.89223198,3.332204510175204
785,250.2,166.8,0.0,203.5,0.0,977.6,694.1,36.964187312,3.332204510175204
786,425.0,106.3,0.0,153.5,16.5,852.1,887.1,49.20100736,1.9459101490553132
787,289.0,133.7,0.0,194.9,5.5,924.1,760.1,46.247292176,3.332204510175204
788,362.6,189.0,0.0,164.9,11.6,944.7,755.8,79.29663476,4.51085950651685
789,475.0,0.0,0.0,162.0,9.5,1044.0,662.0,58.522722879999996,3.332204510175204
790,173.0,116.0,0.0,192.0,0.0,946.8,856.8,24.281965768,3.332204510175204
791,500.0,0.0,0.0,200.0,0.0,1125.0,613.0,26.0621928,1.0986122886681098
792,475.0,0.0,0.0,228.0,0.0,932.0,594.0,38.60376124,1.9459101490553132
793,313.3,262.2,0.0,175.5,8.6,1046.9,611.8,28.79941252,1.0986122886681098
794,190.34,0.0,125.18,166.61,9.88,1079.0,798.9,33.56369168,4.605170185988092
795,141.3,212.0,0.0,203.5,0.0,971.8,748.5,4.827710952,1.0986122886681098
796,181.38,0.0,167.01,169.59,7.56,1055.6,777.8,13.62404576,1.0986122886681098
797,183.9,122.6,0.0,203.5,0.0,959.2,800.0,4.9035533120000006,1.0986122886681098
798,246.83,0.0,125.08,143.3,11.99,1086.8,800.89,23.52492112,1.0986122886681098
799,238.2,158.8,0.0,185.7,0.0,1040.6,734.3,26.91369566,3.332204510175204
800,342.0,38.0,0.0,228.0,0.0,932.0,670.0,50.45930106,4.499809670330265
801,284.0,15.0,141.0,179.0,5.46,842.0,801.0,13.395533715270679,1.0986122886681098
802,425.0,106.3,0.0,151.4,18.6,936.0,803.7,64.90037588,4.02535169073515
803,252.5,0.0,0.0,185.7,0.0,1111.6,784.3,19.765208492,3.332204510175204
804,213.5,0.0,174.24,154.61,11.66,1052.3,775.48,51.4349096,4.02535169073515
805,295.0,0.0,0.0,185.0,0.0,1069.0,769.0,25.17966352,3.332204510175204
806,153.0,102.0,0.0,192.0,0.0,888.0,943.1,17.96429718,3.332204510175204
807,375.0,0.0,0.0,186.0,0.0,1038.0,758.0,38.21075992,3.332204510175204
808,202.0,11.0,141.0,206.0,1.72,942.0,801.0,23.24519085418796,4.02535169073515
809,157.0,236.0,0.0,192.0,0.0,935.4,781.2,43.377003588,4.499809670330265
810,339.0,0.0,0.0,197.0,0.0,968.0,781.0,27.04124872,2.6390573296152584
811,190.0,190.0,0.0,228.0,0.0,932.0,670.0,42.32693164,4.499809670330265
812,143.0,169.0,143.0,191.0,8.0,967.0,643.0,29.72331036,3.332204510175204
813,379.5,151.2,0.0,153.9,15.9,1134.3,605.0,52.20022796,3.332204510175204
814,237.5,237.5,0.0,228.0,0.0,932.0,594.0,38.407950056000004,5.598421958998375
815,139.9,132.6,103.3,200.3,7.4,916.0,753.4,36.443632932,3.332204510175204
816,246.83,0.0,125.08,143.3,11.99,1086.8,800.89,52.5035974,3.332204510175204
817,148.0,175.0,0.0,171.0,2.0,1000.0,828.0,26.91714304,3.332204510175204
818,277.19,97.82,24.46,160.7,11.19,1061.7,782.46,47.7117392,2.6390573296152584
819,133.0,200.0,0.0,192.0,0.0,927.4,839.2,6.883728383999999,1.0986122886681098
820,500.0,0.0,0.0,200.0,0.0,1125.0,613.0,47.22221124,4.499809670330265
821,190.68,0.0,125.4,162.14,7.77,1090.0,804.01,35.34253976,4.02535169073515
822,172.38,13.61,172.37,156.76,4.14,1006.3,856.4,29.7508894,2.6390573296152584
823,359.0,19.0,141.0,154.0,10.91,942.0,801.0,59.494884039999995,3.332204510175204
824,425.0,106.3,0.0,153.5,16.5,852.1,887.1,60.2946762,3.332204510175204
825,331.0,0.0,0.0,192.0,0.0,1025.0,821.0,37.91428524,4.499809670330265
826,237.5,237.5,0.0,228.0,0.0,932.0,594.0,36.251958603999995,5.19295685089021
827,200.0,133.0,0.0,192.0,0.0,965.4,806.2,30.439675923999996,3.332204510175204
828,198.6,132.4,0.0,192.0,0.0,978.4,825.5,14.638264955999999,1.9459101490553132
829,122.6,183.9,0.0,203.5,0.0,958.2,800.1,3.31982694,1.0986122886681098
830,167.35,129.9,128.62,175.46,7.79,1006.3,746.6,53.65502232,4.605170185988092
831,250.2,166.8,0.0,203.5,0.0,977.6,694.1,9.731264264,1.0986122886681098
832,355.0,19.0,97.0,145.0,12.25,967.0,871.0,55.45455468,3.332204510175204
833,237.0,92.0,71.0,247.0,6.0,853.0,695.0,28.62704352,3.332204510175204
834,379.5,151.2,0.0,153.9,15.9,1134.3,605.0,28.599464479999998,1.0986122886681098
835,516.0,0.0,0.0,162.0,8.26,801.0,802.0,41.36856,3.332204510175204
836,376.0,0.0,0.0,214.6,0.0,1003.5,762.36,36.3009114,4.02535169073515
837,166.8,250.2,0.0,203.5,0.0,975.6,692.6,15.748321315999998,1.9459101490553132
838,251.37,0.0,118.27,192.94,5.75,1043.6,754.3,33.27411176,3.332204510175204
839,266.0,114.0,0.0,228.0,0.0,932.0,670.0,48.695621452,5.19295685089021
840,286.3,200.9,0.0,144.7,11.2,1004.6,803.7,37.997022359999995,1.9459101490553132
841,194.68,0.0,100.52,165.62,7.48,1006.4,905.9,25.72434956,3.332204510175204
842,213.5,0.0,174.24,154.61,11.66,1052.3,775.48,33.70158688,2.6390573296152584
843,332.5,142.5,0.0,228.0,0.0,932.0,594.0,33.019005639999996,3.332204510175204
844,167.0,75.4,167.0,164.03,7.91,1007.3,770.1,53.46196904,4.02535169073515
845,190.68,0.0,125.4,162.14,7.77,1090.0,804.01,40.56876784,4.605170185988092
846,382.0,0.0,0.0,185.0,0.0,1047.0,739.0,24.00065956,1.9459101490553132
847,218.85,0.0,124.13,158.49,11.33,1078.7,794.91,30.219733079999997,3.332204510175204
848,339.0,0.0,0.0,197.0,0.0,968.0,781.0,20.96696516,1.9459101490553132
849,427.5,47.5,0.0,228.0,0.0,932.0,594.0,37.427515183999994,3.332204510175204
850,314.0,0.0,113.0,170.0,10.0,925.0,783.0,38.45897128,3.332204510175204
851,349.0,0.0,0.0,192.0,0.0,1047.0,806.0,39.48629052,4.499809670330265
852,297.16,0.0,117.54,174.8,9.52,1022.8,753.45,51.95891136,4.02535169073515
853,380.0,0.0,0.0,228.0,0.0,932.0,670.0,52.908319811999995,4.499809670330265
854,229.68,0.0,118.16,195.23,6.13,1028.1,757.63,24.53845084,3.332204510175204
855,331.0,0.0,0.0,192.0,0.0,879.0,825.0,13.52062436,1.0986122886681098
856,236.0,0.0,0.0,193.0,0.0,968.0,885.0,25.083136879999998,5.8998973535824915
857,272.6,0.0,89.6,198.7,10.6,931.3,762.2,32.245413568000004,3.332204510175204
858,289.0,0.0,0.0,192.0,0.0,913.2,895.3,25.573354316,3.332204510175204
859,316.1,210.7,0.0,185.7,0.0,977.0,689.3,38.70028788,3.332204510175204
860,167.95,42.08,163.83,121.75,5.72,1058.7,780.11,24.24197616,3.332204510175204
861,213.5,0.0,174.24,159.21,11.66,1043.6,771.9,15.60973664,1.0986122886681098
862,166.8,250.2,0.0,203.5,0.0,975.6,692.6,6.902344236,1.0986122886681098
863,380.0,95.0,0.0,228.0,0.0,932.0,594.0,40.563252031999994,4.499809670330265
864,233.81,0.0,94.58,197.89,4.567,947.04,852.16,10.38350856,1.0986122886681098
865,139.6,209.4,0.0,192.0,0.0,1047.0,806.9,28.23748958,3.332204510175204
866,425.0,106.3,0.0,153.5,16.5,852.1,887.1,49.20100736,1.9459101490553132
867,480.0,0.0,0.0,192.0,0.0,936.2,712.2,43.942373908,3.332204510175204
868,231.75,0.0,121.62,173.96,6.72,1056.4,778.45,33.72916592,3.332204510175204
869,148.0,0.0,137.0,158.0,16.0,1002.0,830.0,17.95395504,3.332204510175204
870,252.31,0.0,98.75,146.25,14.17,987.76,889.01,60.949678399999996,4.605170185988092
871,277.05,0.0,97.39,160.6,11.83,973.9,875.61,48.28400428,3.332204510175204
872,531.3,0.0,0.0,141.8,28.2,852.1,893.7,41.2996124,1.0986122886681098
873,178.03,129.8,118.6,179.94,3.57,1007.3,746.8,20.72564856,1.0986122886681098
874,318.8,212.5,0.0,155.7,14.3,852.1,880.4,68.09954452,4.51085950651685
875,168.88,42.22,124.25,158.33,10.83,1080.8,796.15,31.11605188,3.332204510175204
876,213.72,98.05,24.51,181.71,6.86,1065.8,785.38,30.38520732,2.6390573296152584
877,154.8,183.4,0.0,193.3,9.1,877.2,867.7,23.786922,3.332204510175204
878,222.36,0.0,96.67,189.29,4.46,967.08,870.32,11.57630204,1.0986122886681098
879,212.0,141.3,0.0,203.5,0.0,973.4,750.0,39.700028079999996,4.499809670330265
880,260.9,100.5,78.3,200.6,8.6,864.5,761.5,32.401235144,3.332204510175204
881,480.0,0.0,0.0,192.0,0.0,936.0,721.0,43.892042159999995,3.332204510175204
882,295.71,0.0,95.64,171.54,8.87,955.14,859.2,39.94134468,3.332204510175204
883,298.0,0.0,107.0,164.0,13.0,953.0,784.0,35.85964676,3.332204510175204
884,339.0,0.0,0.0,197.0,0.0,968.0,781.0,38.89334116,5.8998973535824915
885,237.5,237.5,0.0,228.0,0.0,932.0,594.0,33.116911232,4.499809670330265
886,272.8,181.9,0.0,185.7,0.0,1012.4,714.3,31.38150014,3.332204510175204
887,374.0,0.0,0.0,190.0,7.0,1013.0,730.0,39.05192064,3.332204510175204
888,287.3,120.5,93.9,187.6,9.2,904.4,695.9,43.798273423999994,3.332204510175204
889,288.0,121.0,0.0,177.0,7.0,908.0,829.0,42.13387836,3.332204510175204
890,158.8,238.2,0.0,185.7,0.0,1040.6,734.3,21.066249704,3.332204510175204
891,250.0,0.0,95.69,191.84,5.33,948.9,857.2,8.48744956,1.0986122886681098
892,166.09,0.0,163.27,176.46,4.49,1058.6,780.09,25.48303296,2.6390573296152584
893,310.0,0.0,0.0,192.0,0.0,970.0,850.0,14.98920824,1.9459101490553132
894,277.0,0.0,0.0,191.0,0.0,968.0,856.0,11.36256448,1.0986122886681098
895,173.54,50.05,173.53,164.77,6.47,1006.2,793.5,38.20386516,3.332204510175204
896,318.8,212.5,0.0,155.7,14.3,852.1,880.4,55.495923239999996,3.332204510175204
897,280.0,129.0,100.0,172.0,9.0,825.0,805.0,52.82075636,3.332204510175204
898,500.0,0.0,0.0,200.0,0.0,1125.0,613.0,12.63809508,0.0
899,168.88,42.22,124.25,158.33,10.83,1080.8,796.15,48.15300384,4.605170185988092
900,165.0,128.5,132.1,175.06,8.08,1005.8,746.6,33.08795324,2.6390573296152584
901,475.0,0.0,59.0,142.0,1.9,1098.0,641.0,57.226507999999995,3.332204510175204
902,213.76,98.06,24.52,181.74,6.65,1066.0,785.52,13.18278112,1.0986122886681098
903,427.5,47.5,0.0,228.0,0.0,932.0,594.0,43.698299404,5.8998973535824915
904,389.9,189.0,0.0,145.9,22.0,944.7,755.8,40.59634688,1.0986122886681098
905,149.0,236.0,0.0,176.0,13.0,847.0,893.0,32.956952799999996,3.332204510175204
906,231.75,0.0,121.62,173.96,6.72,1056.4,778.45,15.43736764,1.0986122886681098
907,342.0,38.0,0.0,228.0,0.0,932.0,670.0,52.1243856,5.19295685089021
908,290.2,193.5,0.0,185.7,0.0,998.2,704.3,33.0431373,3.332204510175204
909,252.0,0.0,0.0,185.0,0.0,1111.0,784.0,19.691434559999998,3.332204510175204
910,446.0,24.0,79.0,162.0,11.64,967.0,712.0,25.021084039999998,1.0986122886681098
911,167.35,129.9,128.62,175.46,7.79,1006.3,746.6,51.72448952,4.02535169073515
912,213.5,0.0,174.24,159.21,11.66,1043.6,771.9,29.592309919999998,2.6390573296152584
913,141.3,212.0,0.0,203.5,0.0,971.8,748.5,39.6621069,4.499809670330265
914,325.0,0.0,0.0,184.0,0.0,1063.0,783.0,17.54026944,1.9459101490553132
915,167.0,75.4,167.0,164.03,7.91,1007.3,770.1,56.8128224,4.605170185988092
916,108.3,162.4,0.0,203.5,0.0,938.2,849.0,20.593958644,3.332204510175204
917,155.0,0.0,143.0,193.0,9.0,877.0,868.0,9.735401119999999,3.332204510175204
918,167.95,42.08,163.83,121.75,5.72,1058.7,780.11,39.2311844,4.605170185988092
919,202.0,11.0,141.0,206.0,1.72,942.0,801.0,21.96670536,3.332204510175204
920,153.0,145.0,113.0,178.0,8.0,867.0,824.0,26.22766704,3.332204510175204
921,147.0,115.0,89.0,202.0,9.0,860.0,829.0,19.98790924,3.332204510175204
922,165.0,128.5,132.1,175.06,8.08,1005.8,746.6,19.41564416,1.0986122886681098
923,362.6,189.0,0.0,164.9,11.6,944.7,755.8,77.29715436,4.02535169073515
924,249.1,0.0,98.75,158.11,12.8,987.76,889.01,51.0556978,4.605170185988092
925,140.0,164.0,128.0,237.0,6.0,869.0,656.0,35.225328839999996,3.332204510175204
926,135.7,203.5,0.0,185.7,0.0,1076.2,759.3,7.507014687999999,1.9459101490553132
